date,open,high,low,close,volume,dividends,stock_splits,symbol
1998-02-01,42.1875,44.6875,42.15625,42.65625,34888400.0,0.0,0.0,MMM
1998-02-18,,,,,,0.275,0.0,MMM
1998-03-01,42.65625,48.0625,42.65625,45.5,45769800.0,0.0,0.0,MMM
1998-04-01,46.3125,48.9375,44.53125,47.1875,36851600.0,0.0,0.0,MMM
1998-05-01,47.1875,48.75,46.21875,46.3125,26461800.0,0.0,0.0,MMM
1998-05-20,,,,,,0.275,0.0,MMM
1998-06-01,46.4375,47.46875,40.1875,41.09375,48747800.0,0.0,0.0,MMM
1998-07-01,41.125,42.21875,37.0,37.5625,47502200.0,0.0,0.0,MMM
1998-08-01,37.46875,39.78125,34.0,34.25,47266600.0,0.0,0.0,MMM
1998-08-19,,,,,,0.275,0.0,MMM
1998-09-01,33.875,39.4375,32.8125,36.84375,57748200.0,0.0,0.0,MMM
1998-10-01,36.6875,43.75,35.46875,39.8125,55610600.0,0.0,0.0,MMM
1998-11-01,40.0625,42.53125,38.15625,40.25,35987200.0,0.0,0.0,MMM
1998-11-18,,,,,,0.275,0.0,MMM
1998-12-01,40.15625,40.9375,34.6875,35.5625,49031200.0,0.0,0.0,MMM
1999-01-01,36.1875,39.53125,34.75,38.8125,54950000.0,0.0,0.0,MMM
1999-02-01,39.0,39.875,36.75,37.03125,43578000.0,0.0,0.0,MMM
1999-02-17,,,,,,0.28,0.0,MMM
1999-03-01,36.96875,40.6875,34.65625,35.375,65321000.0,0.0,0.0,MMM
1999-04-01,35.5,45.5,35.03125,44.5,71658400.0,0.0,0.0,MMM
1999-05-01,45.125,48.1875,42.0,42.875,54085600.0,0.0,0.0,MMM
1999-05-19,,,,,,0.28,0.0,MMM
1999-06-01,42.75,46.09375,41.625,43.46875,37078000.0,0.0,0.0,MMM
1999-07-01,43.0,45.84375,42.5,43.96875,33249600.0,0.0,0.0,MMM
1999-08-01,43.96875,50.0,43.5625,47.25,49184600.0,0.0,0.0,MMM
1999-08-18,,,,,,0.28,0.0,MMM
1999-09-01,47.28125,49.9375,45.5625,48.03125,39217400.0,0.0,0.0,MMM
1999-10-01,48.09375,49.34375,43.71875,47.53125,48773200.0,0.0,0.0,MMM
1999-11-01,47.5625,51.6875,46.5625,47.78125,47164600.0,0.0,0.0,MMM
1999-11-17,,,,,,0.28,0.0,MMM
1999-12-01,47.34375,50.40625,45.9375,48.9375,47162200.0,0.0,0.0,MMM
2000-01-01,48.03125,51.90625,45.125,46.8125,68507000.0,0.0,0.0,MMM
2000-02-01,47.1875,48.09375,40.65625,44.09375,66870400.0,0.0,0.0,MMM
2000-02-23,,,,,,0.29,0.0,MMM
2000-03-01,43.59375,47.3125,39.09375,44.28125,87122200.0,0.0,0.0,MMM
2000-04-01,44.6875,49.15625,42.65625,43.3125,68960000.0,0.0,0.0,MMM
2000-05-01,43.34375,45.65625,41.625,42.875,51990800.0,0.0,0.0,MMM
2000-05-17,,,,,,0.29,0.0,MMM
2000-06-01,43.03125,43.9375,40.21875,41.5,60388400.0,0.0,0.0,MMM
2000-07-01,41.5,45.8125,41.5,45.03125,48465000.0,0.0,0.0,MMM
2000-08-01,45.25,48.71875,44.4375,46.5078125,47917200.0,0.0,0.0,MMM
2000-08-23,,,,,,0.29,0.0,MMM
2000-09-01,46.96875,47.96875,40.25,45.5625,77085800.0,0.0,0.0,MMM
2000-10-01,45.96875,48.375,41.96875,48.3125,80873600.0,0.0,0.0,MMM
2000-11-01,48.125,50.625,46.375,49.9375,56927800.0,0.0,0.0,MMM
2000-11-21,,,,,,0.29,0.0,MMM
2000-12-01,49.625,61.46875,49.625,60.25,123104800.0,0.0,0.0,MMM
2001-01-01,59.0625,60.75,52.03125,55.32500076293945,98942800.0,0.0,0.0,MMM
2001-02-01,55.45000076293945,57.70000076293945,53.79999923706055,56.375,64738800.0,0.0,0.0,MMM
2001-02-21,,,,,,0.3,0.0,MMM
2001-03-01,56.375,59.875,49.25,51.95000076293945,133320600.0,0.0,0.0,MMM
2001-04-01,51.79999923706055,60.959999084472656,48.58000183105469,59.505001068115234,97665200.0,0.0,0.0,MMM
2001-05-01,59.505001068115234,63.5,57.67499923706055,59.290000915527344,80176800.0,0.0,0.0,MMM
2001-05-16,,,,,,0.3,0.0,MMM
2001-06-01,59.025001525878906,62.0,57.0,57.04999923706055,76526200.0,0.0,0.0,MMM
2001-07-01,54.625,58.75,53.38999938964844,55.93999862670898,78921600.0,0.0,0.0,MMM
2001-08-01,55.75,56.25,51.54999923706055,52.04999923706055,65713800.0,0.0,0.0,MMM
2001-08-22,,,,,,0.3,0.0,MMM
2001-09-01,52.04999923706055,53.79499816894531,42.93000030517578,49.20000076293945,85653000.0,0.0,0.0,MMM
2001-10-01,49.0,55.0,47.59999847412109,52.18999862670898,93931600.0,0.0,0.0,MMM
2001-11-01,52.31499862670898,58.845001220703125,51.70000076293945,57.290000915527344,66560200.0,0.0,0.0,MMM
2001-11-20,,,,,,0.3,0.0,MMM
2001-12-01,57.20000076293945,60.95000076293945,56.34999847412109,59.10499954223633,53627800.0,0.0,0.0,MMM
2002-01-01,58.51499938964844,58.994998931884766,50.0,55.5,128540800.0,0.0,0.0,MMM
2002-02-01,55.5,60.400001525878906,54.0,58.96500015258789,79811800.0,0.0,0.0,MMM
2002-02-20,,,,,,0.31,0.0,MMM
2002-03-01,58.59999847412109,61.84999847412109,56.45000076293945,57.505001068115234,71132000.0,0.0,0.0,MMM
2002-04-01,57.57500076293945,64.05000305175781,56.150001525878906,62.900001525878906,94848000.0,0.0,0.0,MMM
2002-05-01,62.900001525878906,65.30000305175781,61.5,62.71500015258789,77942000.0,0.0,0.0,MMM
2002-05-22,,,,,,0.31,0.0,MMM
2002-06-01,62.59000015258789,64.80000305175781,59.68999862670898,61.5,70207200.0,0.0,0.0,MMM
2002-07-01,62.875,65.04499816894531,54.09999847412109,62.915000915527344,158405000.0,0.0,0.0,MMM
2002-08-01,62.625,64.73999786376953,58.25,62.47499847412109,108368000.0,0.0,0.0,MMM
2002-08-21,,,,,,0.31,0.0,MMM
2002-09-01,61.82500076293945,63.57500076293945,54.22499847412109,54.98500061035156,117654600.0,0.0,0.0,MMM
2002-10-01,55.375,64.9000015258789,55.375,63.470001220703125,146528400.0,0.0,0.0,MMM
2002-11-01,63.345001220703125,65.7750015258789,62.70000076293945,64.92500305175781,91956000.0,0.0,0.0,MMM
2002-11-20,,,,,,0.31,0.0,MMM
2002-12-01,65.1500015258789,65.23999786376953,59.9900016784668,61.650001525878906,75013400.0,0.0,0.0,MMM
2003-01-01,61.65999984741211,64.56999969482422,61.525001525878906,62.275001525878906,90253400.0,0.0,0.0,MMM
2003-02-01,62.80500030517578,63.744998931884766,60.125,62.685001373291016,84985600.0,0.0,0.0,MMM
2003-02-19,,,,,,0.33,0.0,MMM
2003-03-01,62.92499923706055,67.4749984741211,59.72999954223633,65.01499938964844,118813400.0,0.0,0.0,MMM
2003-04-01,65.0199966430664,68.375,61.29499816894531,63.02000045776367,125535800.0,0.0,0.0,MMM
2003-05-01,63.02000045776367,63.369998931884766,60.255001068115234,63.23500061035156,98968800.0,0.0,0.0,MMM
2003-05-21,,,,,,0.33,0.0,MMM
2003-06-01,63.625,66.94999694824219,62.25,64.48999786376953,84377600.0,0.0,0.0,MMM
2003-07-01,64.48999786376953,70.81999969482422,63.400001525878906,70.0999984741211,101214000.0,0.0,0.0,MMM
2003-08-01,69.69999694824219,72.8499984741211,68.88500213623047,71.23500061035156,74494800.0,0.0,0.0,MMM
2003-08-20,,,,,,0.33,0.0,MMM
2003-09-01,70.5,72.17500305175781,68.15499877929688,69.06999969482422,106435200.0,0.0,0.0,MMM
2003-09-30,,,,,,0.0,2.0,MMM
2003-10-01,69.94000244140625,79.30000305175781,69.80000305175781,78.87000274658203,70357700.0,0.0,0.0,MMM
2003-11-01,78.95999908447266,80.16000366210938,76.0,79.04000091552734,44008500.0,0.0,0.0,MMM
2003-11-19,,,,,,0.33,0.0,MMM
2003-12-01,79.5,85.4000015258789,79.4000015258789,85.02999877929688,53349900.0,0.0,0.0,MMM
2004-01-01,85.0,86.19999694824219,78.41000366210938,79.08999633789062,75033700.0,0.0,0.0,MMM
2004-02-01,78.88999938964844,81.45999908447266,77.56999969482422,78.0199966430664,53698700.0,0.0,0.0,MMM
2004-02-18,,,,,,0.36,0.0,MMM
2004-03-01,78.47000122070312,81.9800033569336,74.3499984741211,81.87000274658203,75066300.0,0.0,0.0,MMM
2004-04-01,81.87000274658203,88.69999694824219,80.9000015258789,86.4800033569336,60029000.0,0.0,0.0,MMM
2004-05-01,86.5,87.6500015258789,81.66999816894531,84.55999755859375,50875200.0,0.0,0.0,MMM
2004-05-19,,,,,,0.36,0.0,MMM
2004-06-01,84.12999725341797,90.29000091552734,84.01000213623047,90.01000213623047,48399900.0,0.0,0.0,MMM
2004-07-01,90.0,90.11000061035156,80.75,82.36000061035156,64671500.0,0.0,0.0,MMM
2004-08-01,82.30000305175781,83.8499984741211,77.19999694824219,82.36000061035156,51538300.0,0.0,0.0,MMM
2004-08-18,,,,,,0.36,0.0,MMM
2004-09-01,82.12000274658203,84.95999908447266,77.69000244140625,79.97000122070312,58461200.0,0.0,0.0,MMM
2004-10-01,80.0,81.97000122070312,73.30999755859375,77.56999969482422,79285100.0,0.0,0.0,MMM
2004-11-01,77.5,82.9000015258789,75.05999755859375,79.58999633789062,68914100.0,0.0,0.0,MMM
2004-11-17,,,,,,0.36,0.0,MMM
2004-12-01,79.5,83.02999877929688,78.12999725341797,82.06999969482422,70244600.0,0.0,0.0,MMM
2005-01-01,82.16999816894531,85.5,80.7300033569336,84.36000061035156,73968800.0,0.0,0.0,MMM
2005-02-01,84.3499984741211,86.9800033569336,82.94999694824219,83.94000244140625,48467900.0,0.0,0.0,MMM
2005-02-23,,,,,,0.42,0.0,MMM
2005-03-01,83.94999694824219,87.44999694824219,83.5199966430664,85.69000244140625,55305300.0,0.0,0.0,MMM
2005-04-01,86.0,86.20999908447266,74.94999694824219,76.47000122070312,73551700.0,0.0,0.0,MMM
2005-05-01,76.47000122070312,79.2300033569336,75.08999633789062,76.6500015258789,55751100.0,0.0,0.0,MMM
2005-05-18,,,,,,0.42,0.0,MMM
2005-06-01,76.77999877929688,78.55000305175781,72.25,72.30000305175781,72349500.0,0.0,0.0,MMM
2005-07-01,72.30999755859375,76.73999786376953,71.02999877929688,75.0,73146300.0,0.0,0.0,MMM
2005-08-01,75.0999984741211,75.48999786376953,70.41000366210938,71.1500015258789,69923400.0,0.0,0.0,MMM
2005-08-17,,,,,,0.42,0.0,MMM
2005-09-01,71.4000015258789,74.58000183105469,70.61000061035156,73.36000061035156,59917000.0,0.0,0.0,MMM
2005-10-01,73.26000213623047,76.4800033569336,69.70999908447266,75.9800033569336,67228900.0,0.0,0.0,MMM
2005-11-01,75.5,79.37999725341797,74.4000015258789,78.4800033569336,59215100.0,0.0,0.0,MMM
2005-11-22,,,,,,0.42,0.0,MMM
2005-12-01,78.7699966430664,79.83999633789062,73.47000122070312,77.5,51305400.0,0.0,0.0,MMM
2006-01-01,77.76000213623047,79.83000183105469,71.95999908447266,72.75,62966600.0,0.0,0.0,MMM
2006-02-01,72.30000305175781,74.66000366210938,70.30000305175781,73.58999633789062,56144800.0,0.0,0.0,MMM
2006-02-22,,,,,,0.46,0.0,MMM
2006-03-01,74.19000244140625,78.73999786376953,71.54000091552734,75.69000244140625,69525500.0,0.0,0.0,MMM
2006-04-01,75.97000122070312,85.9000015258789,75.76000213623047,85.43000030517578,74722900.0,0.0,0.0,MMM
2006-05-01,85.51000213623047,88.3499984741211,82.58999633789062,83.66000366210938,66865200.0,0.0,0.0,MMM
2006-05-17,,,,,,0.46,0.0,MMM
2006-06-01,83.66000366210938,85.2300033569336,78.61000061035156,80.7699966430664,59995700.0,0.0,0.0,MMM
2006-07-01,81.1500015258789,81.5999984741211,67.05000305175781,70.4000015258789,127175600.0,0.0,0.0,MMM
2006-08-01,70.0,72.0,68.18000030517578,71.69999694824219,77912000.0,0.0,0.0,MMM
2006-08-23,,,,,,0.46,0.0,MMM
2006-09-01,71.73999786376953,75.37000274658203,70.58999633789062,74.41999816894531,63929200.0,0.0,0.0,MMM
2006-10-01,74.69999694824219,80.87999725341797,73.0,78.83999633789062,61557000.0,0.0,0.0,MMM
2006-11-01,78.83000183105469,81.94999694824219,78.12000274658203,81.45999908447266,49316900.0,0.0,0.0,MMM
2006-11-21,,,,,,0.46,0.0,MMM
2006-12-01,81.55000305175781,81.55000305175781,77.3499984741211,77.93000030517578,59004100.0,0.0,0.0,MMM
2007-01-01,77.52999877929688,79.87999725341797,73.08999633789062,74.30000305175781,69810800.0,0.0,0.0,MMM
2007-02-01,74.75,77.43000030517578,73.5199966430664,74.08000183105469,82014000.0,0.0,0.0,MMM
2007-02-21,,,,,,0.48,0.0,MMM
2007-03-01,74.0,78.16000366210938,72.9000015258789,76.43000030517578,83454100.0,0.0,0.0,MMM
2007-04-01,76.44000244140625,83.25,75.91000366210938,82.7699966430664,76926300.0,0.0,0.0,MMM
2007-05-01,82.7699966430664,89.02999877929688,82.16000366210938,87.95999908447266,87362900.0,0.0,0.0,MMM
2007-05-16,,,,,,0.48,0.0,MMM
2007-06-01,87.94999694824219,88.48999786376953,84.4000015258789,86.79000091552734,67679800.0,0.0,0.0,MMM
2007-07-01,87.29000091552734,92.31999969482422,87.06999969482422,88.91999816894531,78773800.0,0.0,0.0,MMM
2007-08-01,88.94000244140625,91.51000213623048,83.20999908447266,90.98999786376952,95588700.0,0.0,0.0,MMM
2007-08-22,,,,,,0.48,0.0,MMM
2007-09-01,90.95999908447266,93.9800033569336,87.20999908447266,93.58000183105467,65166600.0,0.0,0.0,MMM
2007-10-01,93.83999633789062,97.0,84.08000183105469,86.36000061035156,98091500.0,0.0,0.0,MMM
2007-11-01,86.06999969482422,86.27999877929688,78.9800033569336,83.26000213623047,99222200.0,0.0,0.0,MMM
2007-11-20,,,,,,0.48,0.0,MMM
2007-12-01,83.43000030517578,88.69999694824219,81.5999984741211,84.31999969482422,70075800.0,0.0,0.0,MMM
2008-01-01,84.23999786376953,84.76000213623047,72.05000305175781,79.6500015258789,110132700.0,0.0,0.0,MMM
2008-02-01,79.79000091552734,81.6500015258789,77.81999969482422,78.4000015258789,67783000.0,0.0,0.0,MMM
2008-02-20,,,,,,0.5,0.0,MMM
2008-03-01,78.16000366210938,81.68000030517578,75.23999786376953,79.1500015258789,84367000.0,0.0,0.0,MMM
2008-04-01,79.61000061035156,83.22000122070312,76.45999908447266,76.9000015258789,87562900.0,0.0,0.0,MMM
2008-05-01,76.94000244140625,79.88999938964844,75.5,77.55999755859375,76437900.0,0.0,0.0,MMM
2008-05-21,,,,,,0.5,0.0,MMM
2008-06-01,77.41000366210938,77.61000061035156,68.61000061035156,69.58999633789062,98023400.0,0.0,0.0,MMM
2008-07-01,68.66000366210938,72.7699966430664,67.26000213623047,70.38999938964844,111622500.0,0.0,0.0,MMM
2008-08-01,70.52999877929688,74.68000030517578,69.3499984741211,71.5999984741211,78918100.0,0.0,0.0,MMM
2008-08-20,,,,,,0.5,0.0,MMM
2008-09-01,72.37999725341797,74.70999908447266,65.51000213623047,68.30999755859375,139001400.0,0.0,0.0,MMM
2008-10-01,67.66999816894531,68.30999755859375,50.0099983215332,64.30000305175781,226637300.0,0.0,0.0,MMM
2008-11-01,63.560001373291016,67.47000122070312,56.25,66.93000030517578,149733100.0,0.0,0.0,MMM
2008-11-19,,,,,,0.5,0.0,MMM
2008-12-01,64.94999694824219,66.25,53.59000015258789,57.540000915527344,145711300.0,0.0,0.0,MMM
2009-01-01,57.54999923706055,59.810001373291016,52.310001373291016,53.790000915527344,103623600.0,0.0,0.0,MMM
2009-02-01,52.790000915527344,54.65999984741211,45.16999816894531,45.459999084472656,130140500.0,0.0,0.0,MMM
2009-02-18,,,,,,0.51,0.0,MMM
2009-03-01,44.619998931884766,51.130001068115234,40.869998931884766,49.720001220703125,157046900.0,0.0,0.0,MMM
2009-04-01,48.95000076293945,58.97999954223633,48.720001220703125,57.59999847412109,116948000.0,0.0,0.0,MMM
2009-05-01,57.560001373291016,60.22999954223633,55.22999954223633,57.09999847412109,89372800.0,0.0,0.0,MMM
2009-05-20,,,,,,0.51,0.0,MMM
2009-06-01,57.900001525878906,61.459999084472656,56.61000061035156,60.09999847412109,96293200.0,0.0,0.0,MMM
2009-07-01,60.310001373291016,71.38999938964844,57.810001373291016,70.5199966430664,108891900.0,0.0,0.0,MMM
2009-08-01,71.80000305175781,73.5,69.26000213623047,72.0999984741211,87303100.0,0.0,0.0,MMM
2009-08-19,,,,,,0.51,0.0,MMM
2009-09-01,71.80999755859375,76.0,69.88999938964844,73.80000305175781,72538600.0,0.0,0.0,MMM
2009-10-01,73.55999755859375,79.25,71.62000274658203,73.56999969482422,82528000.0,0.0,0.0,MMM
2009-11-01,73.86000061035156,79.0,73.3499984741211,77.44000244140625,59750400.0,0.0,0.0,MMM
2009-11-18,,,,,,0.51,0.0,MMM
2009-12-01,77.8499984741211,84.31999969482422,76.0,82.66999816894531,80368700.0,0.0,0.0,MMM
2010-01-01,83.08999633789062,85.16999816894531,79.11000061035156,80.48999786376953,75208100.0,0.0,0.0,MMM
2010-02-01,80.83999633789062,81.76000213623047,77.25,80.1500015258789,75020400.0,0.0,0.0,MMM
2010-02-17,,,,,,0.525,0.0,MMM
2010-03-01,80.56999969482422,84.5,80.3499984741211,83.56999969482422,91066100.0,0.0,0.0,MMM
2010-04-01,83.87000274658203,90.25,82.69000244140625,88.66999816894531,96407000.0,0.0,0.0,MMM
2010-05-01,89.19000244140625,90.5199966430664,68.95999908447266,79.30999755859375,109573600.0,0.0,0.0,MMM
2010-05-19,,,,,,0.525,0.0,MMM
2010-06-01,78.72000122070312,83.0,72.72000122070312,78.98999786376953,114407500.0,0.0,0.0,MMM
2010-07-01,79.05999755859375,87.4800033569336,77.04000091552734,85.54000091552734,89556700.0,0.0,0.0,MMM
2010-08-01,86.80000305175781,88.37999725341797,78.4000015258789,78.55000305175781,74721100.0,0.0,0.0,MMM
2010-08-18,,,,,,0.525,0.0,MMM
2010-09-01,79.51000213623047,88.0,79.29000091552734,86.70999908447266,64059700.0,0.0,0.0,MMM
2010-10-01,87.37999725341797,91.48999786376952,83.80000305175781,84.22000122070312,82038100.0,0.0,0.0,MMM
2010-11-01,84.56999969482422,87.87000274658203,83.0,83.9800033569336,85344700.0,0.0,0.0,MMM
2010-11-17,,,,,,0.525,0.0,MMM
2010-12-01,85.41999816894531,87.81999969482422,83.2300033569336,86.30000305175781,77138400.0,0.0,0.0,MMM
2011-01-01,86.75,90.5,85.62999725341797,87.91999816894531,70774300.0,0.0,0.0,MMM
2011-02-01,88.0199966430664,93.6500015258789,87.44000244140625,92.2300033569336,66069700.0,0.0,0.0,MMM
2011-02-16,,,,,,0.55,0.0,MMM
2011-03-01,92.19000244140624,94.16000366210938,86.91000366210938,93.5,80777700.0,0.0,0.0,MMM
2011-04-01,93.52999877929688,97.5,90.58000183105467,97.20999908447266,64783900.0,0.0,0.0,MMM
2011-05-01,97.58000183105467,97.9499969482422,91.37999725341795,94.37999725341795,66189800.0,0.0,0.0,MMM
2011-05-18,,,,,,0.55,0.0,MMM
2011-06-01,94.33000183105467,95.05999755859376,90.19000244140624,94.8499984741211,67513900.0,0.0,0.0,MMM
2011-07-01,94.83000183105467,98.19000244140624,86.5999984741211,87.13999938964844,86582100.0,0.0,0.0,MMM
2011-08-01,87.9800033569336,88.16999816894531,76.5,82.9800033569336,150664200.0,0.0,0.0,MMM
2011-08-17,,,,,,0.55,0.0,MMM
2011-09-01,83.0199966430664,83.94999694824219,71.70999908447266,71.79000091552734,116304100.0,0.0,0.0,MMM
2011-10-01,71.12999725341797,82.4000015258789,68.62999725341797,79.0199966430664,113482500.0,0.0,0.0,MMM
2011-11-01,77.88999938964844,83.0999984741211,75.48999786376953,81.04000091552734,94894200.0,0.0,0.0,MMM
2011-11-22,,,,,,0.55,0.0,MMM
2011-12-01,81.25,82.80000305175781,77.51000213623047,81.7300033569336,79927400.0,0.0,0.0,MMM
2012-01-01,83.76000213623047,87.98999786376953,82.69999694824219,86.70999908447266,70287500.0,0.0,0.0,MMM
2012-02-01,87.5199966430664,88.45999908447266,86.69000244140625,87.5999984741211,56589900.0,0.0,0.0,MMM
2012-02-15,,,,,,0.59,0.0,MMM
2012-03-01,87.72000122070312,90.0,84.83000183105469,89.20999908447266,60428600.0,0.0,0.0,MMM
2012-04-01,88.79000091552734,89.75,84.44000244140625,89.36000061035156,54391500.0,0.0,0.0,MMM
2012-05-01,89.12999725341797,89.94999694824219,82.94999694824219,84.41000366210938,59884200.0,0.0,0.0,MMM
2012-05-16,,,,,,0.59,0.0,MMM
2012-06-01,83.05000305175781,89.5999984741211,81.98999786376953,89.5999984741211,65465700.0,0.0,0.0,MMM
2012-07-01,89.29000091552734,92.08000183105467,85.33999633789062,91.2300033569336,65037800.0,0.0,0.0,MMM
2012-08-01,91.6500015258789,94.3000030517578,89.2300033569336,92.5999984741211,48767200.0,0.0,0.0,MMM
2012-08-22,,,,,,0.59,0.0,MMM
2012-09-01,92.02999877929688,94.0999984741211,90.45999908447266,92.41999816894533,65053500.0,0.0,0.0,MMM
2012-10-01,92.9000015258789,95.45999908447266,87.41000366210938,87.5999984741211,68655700.0,0.0,0.0,MMM
2012-11-01,87.94000244140625,91.97000122070312,86.73999786376953,90.9499969482422,58270800.0,0.0,0.0,MMM
2012-11-20,,,,,,0.59,0.0,MMM
2012-12-01,91.41000366210938,94.13999938964844,89.5999984741211,92.8499984741211,54850200.0,0.0,0.0,MMM
2013-01-01,94.19000244140624,101.9499969482422,93.95999908447266,100.5500030517578,62614800.0,0.0,0.0,MMM
2013-02-01,101.44000244140624,104.55999755859376,100.58000183105467,104.0,47905000.0,0.0,0.0,MMM
2013-02-13,,,,,,0.635,0.0,MMM
2013-03-01,103.38999938964844,106.87999725341795,102.58999633789062,106.30999755859376,50128700.0,0.0,0.0,MMM
2013-04-01,106.0,108.72000122070312,102.88999938964844,104.70999908447266,67230500.0,0.0,0.0,MMM
2013-05-01,104.77999877929688,112.37999725341795,104.41999816894533,110.2699966430664,62323200.0,0.0,0.0,MMM
2013-05-22,,,,,,0.635,0.0,MMM
2013-06-01,110.6999969482422,113.25,107.1500015258789,109.3499984741211,53296100.0,0.0,0.0,MMM
2013-07-01,108.37000274658205,118.5999984741211,108.20999908447266,117.43000030517578,52519700.0,0.0,0.0,MMM
2013-08-01,118.37999725341795,119.26000213623048,112.36000061035156,113.58000183105467,44047400.0,0.0,0.0,MMM
2013-08-21,,,,,,0.635,0.0,MMM
2013-09-01,114.56999969482422,122.2699966430664,112.8499984741211,119.41000366210938,53217500.0,0.0,0.0,MMM
2013-10-01,119.69000244140624,126.37999725341795,116.6500015258789,125.8499984741211,54356200.0,0.0,0.0,MMM
2013-11-01,126.76000213623048,134.16000366210938,124.86000061035156,133.50999450683594,45827900.0,0.0,0.0,MMM
2013-11-20,,,,,,0.635,0.0,MMM
2013-12-01,131.6699981689453,140.42999267578125,125.1500015258789,140.25,73382000.0,0.0,0.0,MMM
2014-01-01,138.0500030517578,139.2899932861328,126.41999816894533,128.19000244140625,60369400.0,0.0,0.0,MMM
2014-02-01,128.22000122070312,135.1999969482422,123.61000061035156,134.72999572753906,62329700.0,0.0,0.0,MMM
2014-02-12,,,,,,0.855,0.0,MMM
2014-03-01,133.07000732421875,135.8699951171875,129.6999969482422,135.66000366210938,60219300.0,0.0,0.0,MMM
2014-04-01,135.8800048828125,139.52000427246094,132.02000427246094,139.08999633789062,52411200.0,0.0,0.0,MMM
2014-05-01,139.5,143.3699951171875,138.64999389648438,142.5500030517578,48494200.0,0.0,0.0,MMM
2014-05-21,,,,,,0.855,0.0,MMM
2014-06-01,142.27000427246094,145.52999877929688,141.61000061035156,143.24000549316406,35654200.0,0.0,0.0,MMM
2014-07-01,143.41000366210938,146.42999267578125,140.60000610351562,140.88999938964844,43313100.0,0.0,0.0,MMM
2014-08-01,140.14999389648438,145.38999938964844,138.42999267578125,144.0,41032800.0,0.0,0.0,MMM
2014-08-20,,,,,,0.855,0.0,MMM
2014-09-01,143.3000030517578,147.8699951171875,140.66000366210938,141.67999267578125,51777700.0,0.0,0.0,MMM
2014-10-01,141.16000366210938,154.44000244140625,130.60000610351562,153.77000427246094,84979600.0,0.0,0.0,MMM
2014-11-01,153.13999938964844,160.86000061035156,152.97999572753906,160.08999633789062,41063300.0,0.0,0.0,MMM
2014-11-19,,,,,,0.855,0.0,MMM
2014-12-01,158.35000610351562,168.16000366210938,155.58999633789062,164.32000732421875,53439800.0,0.0,0.0,MMM
2015-01-01,164.7100067138672,166.57000732421875,157.74000549316406,162.3000030517578,54725300.0,0.0,0.0,MMM
2015-02-01,162.1199951171875,169.97999572753906,160.88999938964844,168.64999389648438,37365500.0,0.0,0.0,MMM
2015-02-11,,,,,,1.025,0.0,MMM
2015-03-01,168.16000366210938,170.5,161.2100067138672,164.9499969482422,48144100.0,0.0,0.0,MMM
2015-04-01,164.2899932861328,167.6999969482422,156.00999450683594,156.38999938964844,53240700.0,0.0,0.0,MMM
2015-05-01,156.7899932861328,163.77000427246094,156.5500030517578,159.0800018310547,42817400.0,0.0,0.0,MMM
2015-05-20,,,,,,1.025,0.0,MMM
2015-06-01,159.10000610351562,160.8699951171875,153.9199981689453,154.3000030517578,48517200.0,0.0,0.0,MMM
2015-07-01,156.1300048828125,157.94000244140625,147.6999969482422,151.33999633789062,54769600.0,0.0,0.0,MMM
2015-08-01,150.7899932861328,153.24000549316406,134.0,142.13999938964844,59225400.0,0.0,0.0,MMM
2015-08-19,,,,,,1.025,0.0,MMM
2015-09-01,139.47999572753906,145.5500030517578,135.38999938964844,141.77000427246094,65251700.0,0.0,0.0,MMM
2015-10-01,142.2100067138672,158.67999267578125,138.57000732421875,157.2100067138672,54367800.0,0.0,0.0,MMM
2015-11-01,157.50999450683594,160.08999633789062,155.60000610351562,156.5800018310547,42405000.0,0.0,0.0,MMM
2015-11-18,,,,,,1.025,0.0,MMM
2015-12-01,156.41000366210938,158.69000244140625,146.69000244140625,150.63999938964844,61116800.0,0.0,0.0,MMM
2016-01-01,148.0500030517578,151.0,134.63999938964844,151.0,63783100.0,0.0,0.0,MMM
2016-02-01,149.3300018310547,159.5,146.0500030517578,156.8699951171875,52788500.0,0.0,0.0,MMM
2016-02-10,,,,,,1.11,0.0,MMM
2016-03-01,158.75,167.5,157.61000061035156,166.6300048828125,48587700.0,0.0,0.0,MMM
2016-04-01,165.6300048828125,170.77000427246094,164.64999389648438,167.3800048828125,38822200.0,0.0,0.0,MMM
2016-05-01,167.3000030517578,171.27000427246094,163.1699981689453,168.32000732421875,36443000.0,0.0,0.0,MMM
2016-05-18,,,,,,1.11,0.0,MMM
2016-06-01,167.77999877929688,175.13999938964844,165.16000366210938,175.1199951171875,46954200.0,0.0,0.0,MMM
2016-07-01,175.13999938964844,182.2700042724609,173.50999450683594,178.36000061035156,38585200.0,0.0,0.0,MMM
2016-08-01,177.0800018310547,181.47000122070312,177.0800018310547,179.24000549316406,30878700.0,0.0,0.0,MMM
2016-08-17,,,,,,1.11,0.0,MMM
2016-09-01,179.30999755859375,181.66000366210935,174.38999938964844,176.22999572753906,38143300.0,0.0,0.0,MMM
2016-10-01,175.3300018310547,175.9499969482422,165.11000061035156,165.3000030517578,41884100.0,0.0,0.0,MMM
2016-11-01,165.39999389648438,175.50999450683594,163.85000610351562,171.74000549316406,43844700.0,0.0,0.0,MMM
2016-11-16,,,,,,1.11,0.0,MMM
2016-12-01,171.63999938964844,180.05999755859375,171.08999633789062,178.57000732421875,38974700.0,0.0,0.0,MMM
2017-01-01,178.8300018310547,180.0,173.80999755859375,174.82000732421875,37982900.0,0.0,0.0,MMM
2017-02-01,175.1699981689453,188.41000366210935,173.5500030517578,186.3500061035156,38913300.0,0.0,0.0,MMM
2017-02-15,,,,,,1.175,0.0,MMM
2017-03-01,188.0800018310547,193.5,188.00999450683597,191.3300018310547,44760300.0,0.0,0.0,MMM
2017-04-01,191.8699951171875,197.1199951171875,188.6199951171875,195.8300018310547,34994300.0,0.0,0.0,MMM
2017-05-01,195.5,204.47000122070312,193.5399932861328,204.47000122070312,40020700.0,0.0,0.0,MMM
2017-05-17,,,,,,1.175,0.0,MMM
2017-06-01,204.25,214.57000732421875,203.67999267578125,208.19000244140625,40515600.0,0.0,0.0,MMM
2017-07-01,209.13999938964844,213.41000366210935,197.1699981689453,201.1699981689453,35520800.0,0.0,0.0,MMM
2017-08-01,202.2899932861328,208.6300048828125,201.3300018310547,204.32000732421875,34874400.0,0.0,0.0,MMM
2017-08-23,,,,,,1.175,0.0,MMM
2017-09-01,204.6100006103516,214.6499938964844,200.50999450683597,209.8999938964844,35746200.0,0.0,0.0,MMM
2017-10-01,210.72999572753903,238.8999938964844,210.02999877929688,230.19000244140625,46169500.0,0.0,0.0,MMM
2017-11-01,231.0,243.4499969482422,226.0399932861328,243.13999938964844,34753400.0,0.0,0.0,MMM
2017-11-22,,,,,,1.175,0.0,MMM
2017-12-01,243.19000244140625,244.22999572753903,234.27999877929688,235.3699951171875,38798800.0,0.0,0.0,MMM
2018-01-01,235.77999877929688,259.7699890136719,232.80999755859372,250.5,49095800.0,0.0,0.0,MMM
2018-02-01,247.44000244140625,250.08999633789065,218.17999267578125,235.50999450683597,58411400.0,0.0,0.0,MMM
2018-02-15,,,,,,1.36,0.0,MMM
2018-03-01,236.1499938964844,243.1000061035156,214.72999572753903,219.5200042724609,55656900.0,0.0,0.0,MMM
2018-04-01,218.0500030517578,221.69000244140625,194.17999267578125,194.38999938964844,67396900.0,0.0,0.0,MMM
2018-05-01,194.02999877929688,206.0399932861328,191.44000244140625,197.22999572753903,64993100.0,0.0,0.0,MMM
2018-05-17,,,,,,1.36,0.0,MMM
2018-06-01,198.75,206.7899932861328,193.63999938964844,196.72000122070312,52817200.0,0.0,0.0,MMM
2018-07-01,195.4600067138672,212.77999877929688,190.57000732421875,212.32000732421875,51342100.0,0.0,0.0,MMM
2018-08-01,210.97999572753903,211.72000122070312,197.1100006103516,210.9199981689453,39291800.0,0.0,0.0,MMM
2018-08-23,,,,,,1.36,0.0,MMM
2018-09-01,210.5500030517578,217.8699951171875,205.8999938964844,210.7100067138672,45069500.0,0.0,0.0,MMM
2018-10-01,212.3999938964844,217.33999633789065,181.97999572753903,190.25999450683597,67294100.0,0.0,0.0,MMM
2018-11-01,190.6100006103516,209.7700042724609,190.08999633789065,207.9199981689453,51077500.0,0.0,0.0,MMM
2018-11-21,,,,,,1.36,0.0,MMM
2018-12-01,211.2100067138672,211.9499969482422,176.8699951171875,190.5399932861328,51330100.0,0.0,0.0,MMM
2019-01-01,187.82000732421875,200.88999938964844,182.88999938964844,200.3000030517578,53042200.0,0.0,0.0,MMM
2019-02-01,201.4900054931641,211.58999633789065,196.25,207.38999938964844,36859800.0,0.0,0.0,MMM
2019-02-14,,,,,,1.44,0.0,MMM
2019-03-01,208.80999755859372,210.5399932861328,198.0,207.77999877929688,47486500.0,0.0,0.0,MMM
2019-04-01,209.88999938964844,219.75,186.5500030517578,189.50999450683597,54909300.0,0.0,0.0,MMM
2019-05-01,189.4900054931641,189.7100067138672,159.6300048828125,159.75,94604800.0,0.0,0.0,MMM
2019-05-23,,,,,,1.44,0.0,MMM
2019-06-01,159.75,174.55999755859375,159.32000732421875,173.33999633789062,56451600.0,0.0,0.0,MMM
2019-07-01,175.4600067138672,187.72000122070312,164.2899932861328,174.72000122070312,62576900.0,0.0,0.0,MMM
2019-08-01,174.7899932861328,177.6699981689453,154.0,161.72000122070312,63267800.0,0.0,0.0,MMM
2019-08-15,,,,,,1.44,0.0,MMM
2019-09-01,161.39999389648438,172.47999572753906,157.25999450683594,164.39999389648438,51261300.0,0.0,0.0,MMM
2019-10-01,165.0,169.9499969482422,150.5800018310547,164.99000549316406,67405500.0,0.0,0.0,MMM
2019-11-01,166.94000244140625,176.7100067138672,164.50999450683594,169.77000427246094,48543100.0,0.0,0.0,MMM
2019-11-21,,,,,,1.44,0.0,MMM
2019-12-01,170.16000366210938,179.17999267578125,162.72000122070312,176.4199981689453,56394100.0,0.0,0.0,MMM
2020-01-01,177.67999267578125,182.5500030517578,158.22999572753906,158.66000366210938,70685000.0,0.0,0.0,MMM
2020-02-01,160.02999877929688,165.0399932861328,145.97000122070312,149.24000549316406,76349400.0,0.0,0.0,MMM
2020-02-13,,,,,,1.47,0.0,MMM
2020-03-01,151.33999633789062,154.74000549316406,114.04000091552734,136.50999450683594,148771600.0,0.0,0.0,MMM
2020-04-01,132.0,163.0800018310547,131.00999450683594,151.9199981689453,82315100.0,0.0,0.0,MMM
2020-05-01,149.3000030517578,159.8699951171875,131.1199951171875,156.44000244140625,86438300.0,0.0,0.0,MMM
2020-05-21,,,,,,1.47,0.0,MMM
2020-06-01,155.9499969482422,169.5399932861328,150.10000610351562,155.99000549316406,66961000.0,0.0,0.0,MMM
2020-07-01,156.33999633789062,163.3800048828125,148.8000030517578,150.47000122070312,58634400.0,0.0,0.0,MMM
2020-08-01,151.08999633789062,167.49000549316406,149.30999755859375,163.02000427246094,49418200.0,0.0,0.0,MMM
2020-08-21,,,,,,1.47,0.0,MMM
2020-09-01,162.1699981689453,173.1999969482422,158.07000732421875,160.17999267578125,55968600.0,0.0,0.0,MMM
2020-10-01,160.6699981689453,173.19000244140625,156.1300048828125,159.9600067138672,46219400.0,0.0,0.0,MMM
2020-11-01,162.19000244140625,179.6300048828125,159.89999389648438,172.72999572753906,53743400.0,0.0,0.0,MMM
2020-11-19,,,,,,1.47,0.0,MMM
2020-12-01,174.22000122070312,177.4600067138672,169.17999267578125,174.7899932861328,48793100.0,0.0,0.0,MMM
2021-01-01,175.0,187.2700042724609,163.3800048828125,175.66000366210938,70122100.0,0.0,0.0,MMM
2021-02-01,175.97000122070312,182.3800048828125,173.5500030517578,175.05999755859375,43290500.0,0.0,0.0,MMM
2021-02-11,,,,,,1.48,0.0,MMM
2021-03-01,175.6999969482422,196.72000122070312,174.07000732421875,192.67999267578125,62921000.0,0.0,0.0,MMM
2021-04-01,193.25,203.16000366210935,188.6300048828125,197.13999938964844,46436000.0,0.0,0.0,MMM
2021-05-01,197.9900054931641,208.9499969482422,196.66000366210935,203.0399932861328,38086100.0,0.0,0.0,MMM
2021-05-20,,,,,,1.48,0.0,MMM
2021-06-01,204.97999572753903,206.80999755859372,191.52999877929688,198.6300048828125,51315200.0,0.0,0.0,MMM
2021-07-01,199.4499969482422,203.2100067138672,194.75999450683597,197.94000244140625,46026800.0,0.0,0.0,MMM
2021-08-01,199.07000732421875,202.7700042724609,192.72000122070312,194.7400054931641,39822800.0,0.0,0.0,MMM
2021-08-20,,,,,,1.48,0.0,MMM
2021-09-01,194.5500030517578,195.6100006103516,175.3699951171875,175.4199981689453,67361300.0,0.0,0.0,MMM
2021-10-01,176.25,183.82000732421875,173.77999877929688,178.67999267578125,48240300.0,0.0,0.0,MMM
2021-11-01,178.52999877929688,186.3000030517578,169.94000244140625,170.0399932861328,47901700.0,0.0,0.0,MMM
2021-11-18,,,,,,1.48,0.0,MMM
2021-12-01,172.5500030517578,179.17999267578125,169.17999267578125,177.6300048828125,48332100.0,0.0,0.0,MMM
2022-01-01,178.32000732421875,181.77999877929688,160.5399932861328,166.02000427246094,62345600.0,0.0,0.0,MMM
2022-02-01,165.58999633789062,169.25,139.74000549316406,148.64999389648438,76136400.0,0.0,0.0,MMM
2022-02-17,,,,,,1.49,0.0,MMM
2022-03-01,148.5800018310547,153.25999450683594,140.8300018310547,148.8800048828125,82899900.0,0.0,0.0,MMM
2022-04-01,149.6300048828125,153.10000610351562,142.8699951171875,144.22000122070312,53719900.0,0.0,0.0,MMM
2022-05-01,144.50999450683594,154.66000366210938,141.0,149.2899932861328,61814100.0,0.0,0.0,MMM
2022-05-19,,,,,,1.49,0.0,MMM
2022-06-01,149.3300018310547,149.49000549316406,127.3000030517578,129.41000366210938,63792000.0,0.0,0.0,MMM
2022-07-01,129.41000366210938,145.6999969482422,125.5999984741211,143.24000549316406,67098500.0,0.0,0.0,MMM
2022-08-01,142.14999389648438,152.3000030517578,141.02999877929688,141.58999633789062,71913100.0,0.0,0.0,MMM
